[
 {
  "bulk_actions": 0,
  "dashboard": 0,
  "desk_access": 0,
  "disabled": 0,
  "docstatus": 0,
  "doctype": "Role",
  "form_sidebar": 0,
  "home_page": null,
  "is_custom": 0,
  "list_sidebar": 0,
  "modified": "2024-05-13 20:28:46.909230",
  "name": "Gameplan Guest",
  "notifications": 0,
  "restrict_to_domain": null,
  "role_name": "Gameplan Guest",
  "search_bar": 0,
  "timeline": 0,
  "two_factor_auth": 0,
  "view_switcher": 0
 },
 {
  "bulk_actions": 0,
  "dashboard": 0,
  "desk_access": 0,
  "disabled": 0,
  "docstatus": 0,
  "doctype": "Role",
  "form_sidebar": 0,
  "home_page": null,
  "is_custom": 0,
  "list_sidebar": 0,
  "modified": "2024-05-13 20:28:46.893672",
  "name": "Gameplan Admin",
  "notifications": 0,
  "restrict_to_domain": null,
  "role_name": "Gameplan Admin",
  "search_bar": 0,
  "timeline": 0,
  "two_factor_auth": 0,
  "view_switcher": 0
 },
 {
  "bulk_actions": 0,
  "dashboard": 0,
  "desk_access": 0,
  "disabled": 0,
  "docstatus": 0,
  "doctype": "Role",
  "form_sidebar": 0,
  "home_page": null,
  "is_custom": 0,
  "list_sidebar": 0,
  "modified": "2024-05-13 20:28:46.862006",
  "name": "Gameplan Member",
  "notifications": 0,
  "restrict_to_domain": null,
  "role_name": "Gameplan Member",
  "search_bar": 0,
  "timeline": 0,
  "two_factor_auth": 0,
  "view_switcher": 0
 }
]