{
 "actions": [],
 "allow_rename": 1,
 "creation": "2023-05-04 19:01:04.163589",
 "default_view": "List",
 "doctype": "DocType",
 "editable_grid": 1,
 "engine": "InnoDB",
 "field_order": [
  "title",
  "percentage",
  "votes"
 ],
 "fields": [
  {
   "fieldname": "title",
   "fieldtype": "Data",
   "in_list_view": 1,
   "label": "Title",
   "reqd": 1
  },
  {
   "fieldname": "percentage",
   "fieldtype": "Percent",
   "label": "Percentage",
   "read_only": 1
  },
  {
   "fieldname": "votes",
   "fieldtype": "Int",
   "label": "Votes",
   "read_only": 1
  }
 ],
 "index_web_pages_for_search": 1,
 "istable": 1,
 "links": [],
 "modified": "2023-05-05 17:19:19.900086",
 "modified_by": "Administrator",
 "module": "Gameplan",
 "name": "GP Poll Option",
 "owner": "Administrator",
 "permissions": [],
 "sort_field": "modified",
 "sort_order": "DESC",
 "states": []
}