{
 "actions": [],
 "allow_rename": 1,
 "creation": "2023-05-04 21:22:37.139619",
 "default_view": "List",
 "doctype": "DocType",
 "editable_grid": 1,
 "engine": "InnoDB",
 "field_order": [
  "user",
  "option"
 ],
 "fields": [
  {
   "fieldname": "user",
   "fieldtype": "Link",
   "in_list_view": 1,
   "label": "User",
   "options": "User",
   "reqd": 1
  },
  {
   "fieldname": "option",
   "fieldtype": "Data",
   "in_list_view": 1,
   "label": "Option"
  }
 ],
 "index_web_pages_for_search": 1,
 "istable": 1,
 "links": [],
 "modified": "2023-05-10 16:53:16.263855",
 "modified_by": "Administrator",
 "module": "Gameplan",
 "name": "GP Poll Vote",
 "owner": "Administrator",
 "permissions": [],
 "sort_field": "modified",
 "sort_order": "DESC",
 "states": []
}